{
    "2.2.0": "https://github.com/PedroS11/twitch-live-extension/blob/master/changelogs/2_2_0.md",
    "2.3.0": "https://github.com/PedroS11/twitch-live-extension/blob/master/changelogs/2_3_0.md",
    "3.0.0": "https://github.com/PedroS11/twitch-live-extension/blob/master/changelogs/3_0_0.md",
    "3.0.2": "https://github.com/PedroS11/twitch-live-extension/blob/master/changelogs/3_0_2.md",
    "3.1.0": "https://github.com/PedroS11/twitch-live-extension/blob/master/changelogs/3_1_0.md",
    "3.2.0": "https://github.com/PedroS11/twitch-live-extension/blob/master/changelogs/3_2_0.md",
    "3.3.0": "https://github.com/PedroS11/twitch-live-extension/blob/master/changelogs/3_3_0.md"
}
